soe,date,arrivals,arrivals_male,arrivals_female
Johor,2020-01-01,1621595,905601,715994
Kedah,2020-01-01,85071,35097,49974
Kelantan,2020-01-01,40002,21170,18832
Melaka,2020-01-01,6015,2813,3202
Negeri Sembilan,2020-01-01,3398,2184,1214
Pahang,2020-01-01,1068,550,518
Perak,2020-01-01,21169,10042,11127
Perlis,2020-01-01,52560,30518,22042
Pulau Pinang,2020-01-01,66139,30241,35898
Sabah,2020-01-01,64829,29285,35544
Sarawak,2020-01-01,140162,80142,60020
Selangor,2020-01-01,817095,448654,368441
Terengganu,2020-01-01,0,0,0
W.P. Labuan,2020-01-01,3950,2526,1424
Johor,2020-02-01,1093546,671718,421828
Kedah,2020-02-01,64428,25646,38782
Kelantan,2020-02-01,39680,21932,17748
Melaka,2020-02-01,3236,1502,1734
Negeri Sembilan,2020-02-01,3259,2150,1109
Pahang,2020-02-01,449,279,170
Perak,2020-02-01,15691,7469,8222
Perlis,2020-02-01,45831,26593,19238
Pulau Pinang,2020-02-01,46197,21990,24207
Sabah,2020-02-01,30157,14245,15912
Sarawak,2020-02-01,100480,60537,39943
Selangor,2020-02-01,551924,330947,220977
Terengganu,2020-02-01,2,2,0
W.P. Labuan,2020-02-01,2442,1634,808
Johor,2020-03-01,669826,409015,260811
Kedah,2020-03-01,37180,16441,20739
Kelantan,2020-03-01,20605,10704,9901
Melaka,2020-03-01,1040,500,540
Negeri Sembilan,2020-03-01,1694,1141,553
Pahang,2020-03-01,271,147,124
Perak,2020-03-01,9620,4511,5109
Perlis,2020-03-01,29630,17261,12369
Pulau Pinang,2020-03-01,23117,10935,12182
Sabah,2020-03-01,7280,3907,3373
Sarawak,2020-03-01,49502,30001,19501
Selangor,2020-03-01,214336,133427,80909
Terengganu,2020-03-01,26,25,1
W.P. Labuan,2020-03-01,912,627,285
Johor,2020-04-01,296,236,60
Kedah,2020-04-01,13837,13161,676
Kelantan,2020-04-01,22,5,17
Melaka,2020-04-01,0,0,0
Negeri Sembilan,2020-04-01,1,1,0
Pahang,2020-04-01,0,0,0
Perak,2020-04-01,2,0,2
Perlis,2020-04-01,2,0,2
Pulau Pinang,2020-04-01,11,10,1
Sabah,2020-04-01,18,2,16
Sarawak,2020-04-01,470,438,32
Selangor,2020-04-01,416,231,185
Terengganu,2020-04-01,0,0,0
W.P. Labuan,2020-04-01,2,2,0
Johor,2020-05-01,221,206,15
Kedah,2020-05-01,12924,12109,815
Kelantan,2020-05-01,18,6,12
Melaka,2020-05-01,0,0,0
Negeri Sembilan,2020-05-01,0,0,0
Pahang,2020-05-01,2,2,0
Perak,2020-05-01,0,0,0
Perlis,2020-05-01,24,3,21
Pulau Pinang,2020-05-01,1,1,0
Sabah,2020-05-01,19,11,8
Sarawak,2020-05-01,454,432,22
Selangor,2020-05-01,617,423,194
Terengganu,2020-05-01,0,0,0
W.P. Labuan,2020-05-01,2,2,0
Johor,2020-06-01,387,344,43
Kedah,2020-06-01,11743,11001,742
Kelantan,2020-06-01,21,3,18
Melaka,2020-06-01,0,0,0
Negeri Sembilan,2020-06-01,0,0,0
Pahang,2020-06-01,0,0,0
Perak,2020-06-01,5,2,3
Perlis,2020-06-01,3,0,3
Pulau Pinang,2020-06-01,18,4,14
Sabah,2020-06-01,33,6,27
Sarawak,2020-06-01,946,902,44
Selangor,2020-06-01,1238,835,403
Terengganu,2020-06-01,1,1,0
W.P. Labuan,2020-06-01,5,5,0
Johor,2020-07-01,811,686,125
Kedah,2020-07-01,10020,9349,671
Kelantan,2020-07-01,9,1,8
Melaka,2020-07-01,0,0,0
Negeri Sembilan,2020-07-01,0,0,0
Pahang,2020-07-01,0,0,0
Perak,2020-07-01,10,1,9
Perlis,2020-07-01,2564,2511,53
Pulau Pinang,2020-07-01,24,10,14
Sabah,2020-07-01,95,31,64
Sarawak,2020-07-01,1193,1105,88
Selangor,2020-07-01,5608,3905,1703
Terengganu,2020-07-01,0,0,0
W.P. Labuan,2020-07-01,11,8,3
Johor,2020-08-01,831,759,72
Kedah,2020-08-01,10339,9527,812
Kelantan,2020-08-01,3,1,2
Melaka,2020-08-01,0,0,0
Negeri Sembilan,2020-08-01,0,0,0
Pahang,2020-08-01,0,0,0
Perak,2020-08-01,4,3,1
Perlis,2020-08-01,4320,4195,125
Pulau Pinang,2020-08-01,36,22,14
Sabah,2020-08-01,37,18,19
Sarawak,2020-08-01,808,724,84
Selangor,2020-08-01,5845,3899,1946
Terengganu,2020-08-01,0,0,0
W.P. Labuan,2020-08-01,6,4,2
Johor,2020-09-01,1314,1196,118
Kedah,2020-09-01,9295,8594,701
Kelantan,2020-09-01,7,1,6
Melaka,2020-09-01,0,0,0
Negeri Sembilan,2020-09-01,0,0,0
Pahang,2020-09-01,1,1,0
Perak,2020-09-01,3,1,2
Perlis,2020-09-01,5202,5042,160
Pulau Pinang,2020-09-01,26,21,5
Sabah,2020-09-01,21,9,12
Sarawak,2020-09-01,848,754,94
Selangor,2020-09-01,5915,4187,1728
Terengganu,2020-09-01,0,0,0
W.P. Labuan,2020-09-01,10,8,2
Johor,2020-10-01,1154,1053,101
Kedah,2020-10-01,9606,8867,739
Kelantan,2020-10-01,1,0,1
Melaka,2020-10-01,2,1,1
Negeri Sembilan,2020-10-01,0,0,0
Pahang,2020-10-01,0,0,0
Perak,2020-10-01,5,2,3
Perlis,2020-10-01,5489,5275,214
Pulau Pinang,2020-10-01,66,46,20
Sabah,2020-10-01,2,2,0
Sarawak,2020-10-01,642,562,80
Selangor,2020-10-01,5777,4295,1482
Terengganu,2020-10-01,0,0,0
W.P. Labuan,2020-10-01,5,5,0
Johor,2020-11-01,1017,908,109
Kedah,2020-11-01,10592,9806,786
Kelantan,2020-11-01,5,2,3
Melaka,2020-11-01,0,0,0
Negeri Sembilan,2020-11-01,0,0,0
Pahang,2020-11-01,0,0,0
Perak,2020-11-01,15,7,8
Perlis,2020-11-01,6796,6467,329
Pulau Pinang,2020-11-01,98,68,30
Sabah,2020-11-01,5,4,1
Sarawak,2020-11-01,1025,963,62
Selangor,2020-11-01,5407,4101,1306
Terengganu,2020-11-01,0,0,0
W.P. Labuan,2020-11-01,13,11,2
Johor,2020-12-01,947,825,122
Kedah,2020-12-01,14207,13895,312
Kelantan,2020-12-01,2,1,1
Melaka,2020-12-01,10,10,0
Negeri Sembilan,2020-12-01,0,0,0
Pahang,2020-12-01,1,1,0
Perak,2020-12-01,6,3,3
Perlis,2020-12-01,8797,8411,386
Pulau Pinang,2020-12-01,96,63,33
Sabah,2020-12-01,11,8,3
Sarawak,2020-12-01,853,829,24
Selangor,2020-12-01,4939,3647,1292
Terengganu,2020-12-01,20,20,0
W.P. Labuan,2020-12-01,8,8,0
Johor,2021-01-01,752,663,89
Kedah,2021-01-01,17928,17913,15
Kelantan,2021-01-01,0,0,0
Melaka,2021-01-01,0,0,0
Negeri Sembilan,2021-01-01,0,0,0
Pahang,2021-01-01,0,0,0
Perak,2021-01-01,9,4,5
Perlis,2021-01-01,9933,9483,450
Pulau Pinang,2021-01-01,91,49,42
Sabah,2021-01-01,10,6,4
Sarawak,2021-01-01,946,915,31
Selangor,2021-01-01,6179,4663,1516
Terengganu,2021-01-01,13,13,0
W.P. Labuan,2021-01-01,6,6,0
Johor,2021-02-01,819,720,99
Kedah,2021-02-01,16131,16088,43
Kelantan,2021-02-01,3,1,2
Melaka,2021-02-01,0,0,0
Negeri Sembilan,2021-02-01,0,0,0
Pahang,2021-02-01,0,0,0
Perak,2021-02-01,6,2,4
Perlis,2021-02-01,9335,8951,384
Pulau Pinang,2021-02-01,101,65,36
Sabah,2021-02-01,18,8,10
Sarawak,2021-02-01,756,740,16
Selangor,2021-02-01,6120,4659,1461
Terengganu,2021-02-01,11,11,0
W.P. Labuan,2021-02-01,9,9,0
Johor,2021-03-01,932,819,113
Kedah,2021-03-01,19205,19153,52
Kelantan,2021-03-01,4,2,2
Melaka,2021-03-01,2,0,2
Negeri Sembilan,2021-03-01,0,0,0
Pahang,2021-03-01,1,1,0
Perak,2021-03-01,4,0,4
Perlis,2021-03-01,10974,10616,358
Pulau Pinang,2021-03-01,157,99,58
Sabah,2021-03-01,18,18,0
Sarawak,2021-03-01,1087,1059,28
Selangor,2021-03-01,10026,7211,2815
Terengganu,2021-03-01,18,18,0
W.P. Labuan,2021-03-01,6,3,3
Johor,2021-04-01,842,748,94
Kedah,2021-04-01,17851,17811,40
Kelantan,2021-04-01,5,2,3
Melaka,2021-04-01,0,0,0
Negeri Sembilan,2021-04-01,0,0,0
Pahang,2021-04-01,3,3,0
Perak,2021-04-01,10,4,6
Perlis,2021-04-01,8160,7879,281
Pulau Pinang,2021-04-01,109,63,46
Sabah,2021-04-01,7,5,2
Sarawak,2021-04-01,981,952,29
Selangor,2021-04-01,9902,7215,2687
Terengganu,2021-04-01,0,0,0
W.P. Labuan,2021-04-01,10,10,0
Johor,2021-05-01,449,412,37
Kedah,2021-05-01,18426,18383,43
Kelantan,2021-05-01,1,1,0
Melaka,2021-05-01,0,0,0
Negeri Sembilan,2021-05-01,0,0,0
Pahang,2021-05-01,3,3,0
Perak,2021-05-01,9,2,7
Perlis,2021-05-01,8617,8382,235
Pulau Pinang,2021-05-01,134,90,44
Sabah,2021-05-01,12,6,6
Sarawak,2021-05-01,899,878,21
Selangor,2021-05-01,6865,5134,1731
Terengganu,2021-05-01,4,4,0
W.P. Labuan,2021-05-01,15,14,1
Johor,2021-06-01,134,114,20
Kedah,2021-06-01,16891,16846,45
Kelantan,2021-06-01,1,0,1
Melaka,2021-06-01,0,0,0
Negeri Sembilan,2021-06-01,0,0,0
Pahang,2021-06-01,0,0,0
Perak,2021-06-01,1,1,0
Perlis,2021-06-01,7248,7164,84
Pulau Pinang,2021-06-01,347,323,24
Sabah,2021-06-01,4,2,2
Sarawak,2021-06-01,811,788,23
Selangor,2021-06-01,4170,3174,996
Terengganu,2021-06-01,0,0,0
W.P. Labuan,2021-06-01,0,0,0
Johor,2021-07-01,197,163,34
Kedah,2021-07-01,17481,17441,40
Kelantan,2021-07-01,3,1,2
Melaka,2021-07-01,2,1,1
Negeri Sembilan,2021-07-01,0,0,0
Pahang,2021-07-01,0,0,0
Perak,2021-07-01,1,0,1
Perlis,2021-07-01,6961,6879,82
Pulau Pinang,2021-07-01,162,93,69
Sabah,2021-07-01,5,5,0
Sarawak,2021-07-01,976,953,23
Selangor,2021-07-01,5528,3946,1582
Terengganu,2021-07-01,0,0,0
W.P. Labuan,2021-07-01,15,15,0
Johor,2021-08-01,185,154,31
Kedah,2021-08-01,16343,16303,40
Kelantan,2021-08-01,0,0,0
Melaka,2021-08-01,0,0,0
Negeri Sembilan,2021-08-01,0,0,0
Pahang,2021-08-01,0,0,0
Perak,2021-08-01,3,1,2
Perlis,2021-08-01,7382,7321,61
Pulau Pinang,2021-08-01,257,194,63
Sabah,2021-08-01,7,5,2
Sarawak,2021-08-01,702,682,20
Selangor,2021-08-01,6770,4677,2093
Terengganu,2021-08-01,0,0,0
W.P. Labuan,2021-08-01,9,9,0
Johor,2021-09-01,206,171,35
Kedah,2021-09-01,18833,18787,46
Kelantan,2021-09-01,6,4,2
Melaka,2021-09-01,0,0,0
Negeri Sembilan,2021-09-01,0,0,0
Pahang,2021-09-01,0,0,0
Perak,2021-09-01,2,0,2
Perlis,2021-09-01,7743,7662,81
Pulau Pinang,2021-09-01,267,197,70
Sabah,2021-09-01,2,1,1
Sarawak,2021-09-01,674,652,22
Selangor,2021-09-01,7276,5165,2111
Terengganu,2021-09-01,1,1,0
W.P. Labuan,2021-09-01,7,7,0
Johor,2021-10-01,306,255,51
Kedah,2021-10-01,19383,19342,41
Kelantan,2021-10-01,0,0,0
Melaka,2021-10-01,0,0,0
Negeri Sembilan,2021-10-01,0,0,0
Pahang,2021-10-01,0,0,0
Perak,2021-10-01,7,2,5
Perlis,2021-10-01,7956,7845,111
Pulau Pinang,2021-10-01,282,170,112
Sabah,2021-10-01,10,7,3
Sarawak,2021-10-01,570,546,24
Selangor,2021-10-01,10050,6806,3244
Terengganu,2021-10-01,0,0,0
W.P. Labuan,2021-10-01,0,0,0
Johor,2021-11-01,620,448,172
Kedah,2021-11-01,18318,18257,61
Kelantan,2021-11-01,4,0,4
Melaka,2021-11-01,3,3,0
Negeri Sembilan,2021-11-01,0,0,0
Pahang,2021-11-01,0,0,0
Perak,2021-11-01,5,3,2
Perlis,2021-11-01,7404,7291,113
Pulau Pinang,2021-11-01,366,235,131
Sabah,2021-11-01,35,19,16
Sarawak,2021-11-01,811,764,47
Selangor,2021-11-01,14754,10506,4248
Terengganu,2021-11-01,0,0,0
W.P. Labuan,2021-11-01,3,3,0
Johor,2021-12-01,3185,1785,1400
Kedah,2021-12-01,18257,18143,114
Kelantan,2021-12-01,0,0,0
Melaka,2021-12-01,0,0,0
Negeri Sembilan,2021-12-01,0,0,0
Pahang,2021-12-01,0,0,0
Perak,2021-12-01,12,7,5
Perlis,2021-12-01,9208,9061,147
Pulau Pinang,2021-12-01,366,239,127
Sabah,2021-12-01,28,13,15
Sarawak,2021-12-01,694,627,67
Selangor,2021-12-01,45375,30454,14921
Terengganu,2021-12-01,0,0,0
W.P. Labuan,2021-12-01,10,10,0
Johor,2022-01-01,4815,2632,2183
Kedah,2022-01-01,18605,18428,177
Kelantan,2022-01-01,4,1,3
Melaka,2022-01-01,0,0,0
Negeri Sembilan,2022-01-01,0,0,0
Pahang,2022-01-01,0,0,0
Perak,2022-01-01,13,5,8
Perlis,2022-01-01,9168,9012,156
Pulau Pinang,2022-01-01,266,167,99
Sabah,2022-01-01,40,19,21
Sarawak,2022-01-01,1008,913,95
Selangor,2022-01-01,42628,28890,13738
Terengganu,2022-01-01,0,0,0
W.P. Labuan,2022-01-01,12,12,0
Johor,2022-02-01,3236,1876,1360
Kedah,2022-02-01,16919,16704,215
Kelantan,2022-02-01,15,6,9
Melaka,2022-02-01,0,0,0
Negeri Sembilan,2022-02-01,0,0,0
Pahang,2022-02-01,0,0,0
Perak,2022-02-01,13,3,10
Perlis,2022-02-01,8533,8416,117
Pulau Pinang,2022-02-01,471,387,84
Sabah,2022-02-01,18,10,8
Sarawak,2022-02-01,778,707,71
Selangor,2022-02-01,38753,27675,11078
Terengganu,2022-02-01,0,0,0
W.P. Labuan,2022-02-01,17,17,0
Johor,2022-03-01,8338,4931,3407
Kedah,2022-03-01,20277,19980,297
Kelantan,2022-03-01,14,13,1
Melaka,2022-03-01,13,0,13
Negeri Sembilan,2022-03-01,0,0,0
Pahang,2022-03-01,0,0,0
Perak,2022-03-01,8,6,2
Perlis,2022-03-01,10164,10007,157
Pulau Pinang,2022-03-01,1619,935,684
Sabah,2022-03-01,30,15,15
Sarawak,2022-03-01,950,880,70
Selangor,2022-03-01,51030,35766,15264
Terengganu,2022-03-01,0,0,0
W.P. Labuan,2022-03-01,12,12,0
Johor,2022-04-01,435671,268606,167065
Kedah,2022-04-01,21177,18506,2671
Kelantan,2022-04-01,8,7,1
Melaka,2022-04-01,16,10,6
Negeri Sembilan,2022-04-01,6,5,1
Pahang,2022-04-01,41,31,10
Perak,2022-04-01,1241,585,656
Perlis,2022-04-01,10089,9814,275
Pulau Pinang,2022-04-01,10484,5565,4919
Sabah,2022-04-01,1733,941,792
Sarawak,2022-04-01,3082,2160,922
Selangor,2022-04-01,121109,76340,44769
Terengganu,2022-04-01,2,2,0
W.P. Labuan,2022-04-01,31,22,9
Johor,2022-05-01,709855,431647,278208
Kedah,2022-05-01,31734,22805,8929
Kelantan,2022-05-01,3846,1929,1917
Melaka,2022-05-01,2979,1356,1623
Negeri Sembilan,2022-05-01,2778,1806,972
Pahang,2022-05-01,92,72,20
Perak,2022-05-01,2943,1275,1668
Perlis,2022-05-01,25309,17785,7524
Pulau Pinang,2022-05-01,24031,11961,12070
Sabah,2022-05-01,5174,2686,2488
Sarawak,2022-05-01,16045,10649,5396
Selangor,2022-05-01,212367,129850,82517
Terengganu,2022-05-01,0,0,0
W.P. Labuan,2022-05-01,28,21,7
Johor,2022-06-01,943173,546327,396846
Kedah,2022-06-01,43811,28242,15569
Kelantan,2022-06-01,8887,3963,4924
Melaka,2022-06-01,5730,2585,3145
Negeri Sembilan,2022-06-01,5760,4021,1739
Pahang,2022-06-01,53,43,10
Perak,2022-06-01,7696,3642,4054
Perlis,2022-06-01,41620,26753,14867
Pulau Pinang,2022-06-01,38589,18547,20042
Sabah,2022-06-01,10590,5082,5508
Sarawak,2022-06-01,29014,17923,11091
Selangor,2022-06-01,254120,156399,97721
Terengganu,2022-06-01,7,7,0
W.P. Labuan,2022-06-01,42,25,17
Johor,2022-07-01,1125995,655916,470079
Kedah,2022-07-01,53769,31280,22489
Kelantan,2022-07-01,16009,7651,8358
Melaka,2022-07-01,6265,2683,3582
Negeri Sembilan,2022-07-01,6090,4057,2033
Pahang,2022-07-01,85,67,18
Perak,2022-07-01,10885,5257,5628
Perlis,2022-07-01,50675,31822,18853
Pulau Pinang,2022-07-01,43801,20401,23400
Sabah,2022-07-01,19694,9315,10379
Sarawak,2022-07-01,35179,20376,14803
Selangor,2022-07-01,331379,197924,133455
Terengganu,2022-07-01,0,0,0
W.P. Labuan,2022-07-01,64,36,28
Johor,2022-08-01,1122353,654584,467769
Kedah,2022-08-01,49025,31879,17146
Kelantan,2022-08-01,29539,14719,14820
Melaka,2022-08-01,6512,2778,3734
Negeri Sembilan,2022-08-01,7508,5244,2264
Pahang,2022-08-01,190,141,49
Perak,2022-08-01,12303,5908,6395
Perlis,2022-08-01,65702,39807,25895
Pulau Pinang,2022-08-01,45781,21281,24500
Sabah,2022-08-01,19225,9137,10088
Sarawak,2022-08-01,63655,35833,27822
Selangor,2022-08-01,385927,238039,147888
Terengganu,2022-08-01,0,0,0
W.P. Labuan,2022-08-01,653,401,252
Johor,2022-09-01,1202442,680944,521498
Kedah,2022-09-01,53695,30908,22787
Kelantan,2022-09-01,30029,15427,14602
Melaka,2022-09-01,7883,3526,4357
Negeri Sembilan,2022-09-01,6848,4706,2142
Pahang,2022-09-01,230,162,68
Perak,2022-09-01,9785,5006,4779
Perlis,2022-09-01,48378,29251,19127
Pulau Pinang,2022-09-01,49737,22618,27119
Sabah,2022-09-01,17259,8460,8799
Sarawak,2022-09-01,90338,49614,40724
Selangor,2022-09-01,382603,243982,138621
Terengganu,2022-09-01,16,13,3
W.P. Labuan,2022-09-01,940,641,299
Johor,2022-10-01,1208015,684451,523564
Kedah,2022-10-01,76669,42765,33904
Kelantan,2022-10-01,38130,19621,18509
Melaka,2022-10-01,6778,3113,3665
Negeri Sembilan,2022-10-01,7422,5074,2348
Pahang,2022-10-01,132,94,38
Perak,2022-10-01,14232,6674,7558
Perlis,2022-10-01,58279,34034,24245
Pulau Pinang,2022-10-01,55019,25274,29745
Sabah,2022-10-01,17484,8372,9112
Sarawak,2022-10-01,95953,53122,42831
Selangor,2022-10-01,443226,273074,170152
Terengganu,2022-10-01,4,2,2
W.P. Labuan,2022-10-01,1026,735,291
Johor,2022-11-01,1214628,685950,528678
Kedah,2022-11-01,74452,43350,31102
Kelantan,2022-11-01,33210,17724,15486
Melaka,2022-11-01,5202,2374,2828
Negeri Sembilan,2022-11-01,6805,4590,2215
Pahang,2022-11-01,59,36,23
Perak,2022-11-01,15485,7371,8114
Perlis,2022-11-01,55300,34064,21236
Pulau Pinang,2022-11-01,54970,25382,29588
Sabah,2022-11-01,21324,10170,11154
Sarawak,2022-11-01,98435,53936,44499
Selangor,2022-11-01,467311,291966,175345
Terengganu,2022-11-01,4,4,0
W.P. Labuan,2022-11-01,1234,848,386
Johor,2022-12-01,1395639,749842,645797
Kedah,2022-12-01,76994,42791,34203
Kelantan,2022-12-01,26458,13404,13054
Melaka,2022-12-01,8007,3550,4457
Negeri Sembilan,2022-12-01,7009,4512,2497
Pahang,2022-12-01,721,355,366
Perak,2022-12-01,18264,8737,9527
Perlis,2022-12-01,54034,32716,21318
Pulau Pinang,2022-12-01,65816,30457,35359
Sabah,2022-12-01,29583,13640,15943
Sarawak,2022-12-01,193715,99084,94631
Selangor,2022-12-01,521992,306365,215627
Terengganu,2022-12-01,0,0,0
W.P. Labuan,2022-12-01,2316,1381,935
Johor,2023-01-01,1234076,693195,540881
Kedah,2023-01-01,85209,47879,37330
Kelantan,2023-01-01,49955,26718,23237
Melaka,2023-01-01,5387,2439,2948
Negeri Sembilan,2023-01-01,8081,5576,2505
Pahang,2023-01-01,502,270,232
Perak,2023-01-01,15179,7281,7898
Perlis,2023-01-01,59072,36310,22762
Pulau Pinang,2023-01-01,68457,30865,37592
Sabah,2023-01-01,37889,17466,20423
Sarawak,2023-01-01,140685,76058,64627
Selangor,2023-01-01,528858,309683,219175
Terengganu,2023-01-01,0,0,0
W.P. Labuan,2023-01-01,1622,1113,509
Johor,2023-02-01,1096031,629023,467008
Kedah,2023-02-01,82858,46952,35906
Kelantan,2023-02-01,51162,27656,23506
Melaka,2023-02-01,5254,2330,2924
Negeri Sembilan,2023-02-01,9828,6595,3233
Pahang,2023-02-01,220,122,98
Perak,2023-02-01,15986,7728,8258
Perlis,2023-02-01,56894,34793,22101
Pulau Pinang,2023-02-01,65039,30647,34392
Sabah,2023-02-01,33907,15549,18358
Sarawak,2023-02-01,132326,72075,60251
Selangor,2023-02-01,495852,313058,182794
Terengganu,2023-02-01,3,3,0
W.P. Labuan,2023-02-01,1946,1277,669
Johor,2023-03-01,1301585,727417,574168
Kedah,2023-03-01,100620,56619,44001
Kelantan,2023-03-01,58591,29810,28781
Melaka,2023-03-01,4596,2112,2484
Negeri Sembilan,2023-03-01,8450,5520,2930
Pahang,2023-03-01,261,145,116
Perak,2023-03-01,21201,10068,11133
Perlis,2023-03-01,69607,42179,27428
Pulau Pinang,2023-03-01,74385,35487,38898
Sabah,2023-03-01,37411,17004,20407
Sarawak,2023-03-01,141193,77147,64046
Selangor,2023-03-01,568760,351170,217590
Terengganu,2023-03-01,18,18,0
W.P. Labuan,2023-03-01,1425,978,447
Johor,2023-04-01,1227351,682404,544947
Kedah,2023-04-01,85744,45197,40547
Kelantan,2023-04-01,46894,23322,23572
Melaka,2023-04-01,5639,2551,3088
Negeri Sembilan,2023-04-01,4340,2174,2166
Pahang,2023-04-01,838,448,390
Perak,2023-04-01,19131,8797,10334
Perlis,2023-04-01,54352,31556,22796
Pulau Pinang,2023-04-01,76242,35061,41181
Sabah,2023-04-01,36694,17302,19392
Sarawak,2023-04-01,173088,90593,82495
Selangor,2023-04-01,549762,318485,231277
Terengganu,2023-04-01,1,1,0
W.P. Labuan,2023-04-01,2291,1383,908
Johor,2023-05-01,1298501,738863,559638
Kedah,2023-05-01,91007,49427,41580
Kelantan,2023-05-01,52302,27611,24691
Melaka,2023-05-01,5255,2309,2946
Negeri Sembilan,2023-05-01,14303,10163,4140
Pahang,2023-05-01,804,466,338
Perak,2023-05-01,20150,9570,10580
Perlis,2023-05-01,62963,37883,25080
Pulau Pinang,2023-05-01,82247,39064,43183
Sabah,2023-05-01,41970,19557,22413
Sarawak,2023-05-01,147533,84447,63086
Selangor,2023-05-01,597519,355223,242296
Terengganu,2023-05-01,1,1,0
W.P. Labuan,2023-05-01,1741,1110,631
Johor,2023-06-01,1510345,820088,690257
Kedah,2023-06-01,77066,41554,35512
Kelantan,2023-06-01,36763,19306,17457
Melaka,2023-06-01,5218,2463,2755
Negeri Sembilan,2023-06-01,5034,3303,1731
Pahang,2023-06-01,998,523,475
Perak,2023-06-01,18571,8623,9948
Perlis,2023-06-01,46491,26832,19659
Pulau Pinang,2023-06-01,102625,47470,55155
Sabah,2023-06-01,25499,12113,13386
Sarawak,2023-06-01,120392,64628,55764
Selangor,2023-06-01,449001,270555,178446
Terengganu,2023-06-01,3,3,0
W.P. Labuan,2023-06-01,1587,1042,545
Johor,2023-07-01,1545948,850439,695509
Kedah,2023-07-01,85599,46887,38712
Kelantan,2023-07-01,50017,26773,23244
Melaka,2023-07-01,5261,2352,2909
Negeri Sembilan,2023-07-01,6499,4501,1998
Pahang,2023-07-01,716,396,320
Perak,2023-07-01,21446,9793,11653
Perlis,2023-07-01,65446,38392,27054
Pulau Pinang,2023-07-01,96735,44357,52378
Sabah,2023-07-01,31337,14535,16802
Sarawak,2023-07-01,128541,68707,59834
Selangor,2023-07-01,790911,442236,348675
Terengganu,2023-07-01,1,1,0
W.P. Labuan,2023-07-01,1360,934,426
Johor,2023-08-01,1510486,844529,665957
Kedah,2023-08-01,76758,42486,34272
Kelantan,2023-08-01,35798,19658,16140
Melaka,2023-08-01,3466,1678,1788
Negeri Sembilan,2023-08-01,7275,4710,2565
Pahang,2023-08-01,752,428,324
Perak,2023-08-01,19302,9118,10184
Perlis,2023-08-01,48127,27786,20341
Pulau Pinang,2023-08-01,91936,43292,48644
Sabah,2023-08-01,9825,4896,4929
Sarawak,2023-08-01,112505,61296,51209
Selangor,2023-08-01,782907,450015,332892
Terengganu,2023-08-01,0,0,0
W.P. Labuan,2023-08-01,2290,1426,864
Johor,2023-09-01,1599539,881702,717837
Kedah,2023-09-01,85836,49393,36443
Kelantan,2023-09-01,35224,19490,15734
Melaka,2023-09-01,4227,1879,2348
Negeri Sembilan,2023-09-01,6045,3875,2170
Pahang,2023-09-01,1103,600,503
Perak,2023-09-01,17552,8141,9411
Perlis,2023-09-01,53629,31041,22588
Pulau Pinang,2023-09-01,87334,42280,45054
Sabah,2023-09-01,9078,4479,4599
Sarawak,2023-09-01,113165,62094,51071
Selangor,2023-09-01,704265,408872,295393
Terengganu,2023-09-01,3,2,1
W.P. Labuan,2023-09-01,1469,998,471
Johor,2023-10-01,1575638,879290,696348
Kedah,2023-10-01,98794,55547,43247
Kelantan,2023-10-01,47679,25452,22227
Melaka,2023-10-01,3539,1571,1968
Negeri Sembilan,2023-10-01,5098,3048,2050
Pahang,2023-10-01,972,585,387
Perak,2023-10-01,18819,8679,10140
Perlis,2023-10-01,60062,33111,26951
Pulau Pinang,2023-10-01,86296,40163,46133
Sabah,2023-10-01,7936,4102,3834
Sarawak,2023-10-01,106667,59316,47351
Selangor,2023-10-01,643447,367295,276152
Terengganu,2023-10-01,4,4,0
W.P. Labuan,2023-10-01,1328,934,394
Johor,2023-11-01,1558439,856873,701566
Kedah,2023-11-01,90711,51274,39437
Kelantan,2023-11-01,40481,21136,19345
Melaka,2023-11-01,3716,1708,2008
Negeri Sembilan,2023-11-01,5535,3388,2147
Pahang,2023-11-01,761,401,360
Perak,2023-11-01,19230,8939,10291
Perlis,2023-11-01,55721,32157,23564
Pulau Pinang,2023-11-01,94156,44464,49692
Sabah,2023-11-01,30563,14346,16217
Sarawak,2023-11-01,113059,62443,50616
Selangor,2023-11-01,649129,374771,274358
Terengganu,2023-11-01,17,14,3
W.P. Labuan,2023-11-01,1651,1108,543
Johor,2023-12-01,1753136,934618,818518
Kedah,2023-12-01,106836,58873,47963
Kelantan,2023-12-01,42337,21688,20649
Melaka,2023-12-01,5419,2320,3099
Negeri Sembilan,2023-12-01,5127,2649,2478
Pahang,2023-12-01,1284,649,635
Perak,2023-12-01,22667,10285,12382
Perlis,2023-12-01,53904,30699,23205
Pulau Pinang,2023-12-01,107555,50553,57002
Sabah,2023-12-01,52232,23676,28556
Sarawak,2023-12-01,230361,120799,109562
Selangor,2023-12-01,792830,435062,357768
Terengganu,2023-12-01,1,1,0
W.P. Labuan,2023-12-01,3817,2308,1509
Johor,2024-01-01,1155378,639527,515851
Kedah,2024-01-01,110507,61870,48637
Kelantan,2024-01-01,53671,28095,25576
Melaka,2024-01-01,3497,1663,1834
Negeri Sembilan,2024-01-01,4844,2802,2042
Pahang,2024-01-01,556,313,243
Perak,2024-01-01,16969,7976,8993
Perlis,2024-01-01,58898,35138,23760
Pulau Pinang,2024-01-01,98132,44646,53486
Sabah,2024-01-01,67279,29696,37583
Sarawak,2024-01-01,176310,95746,80564
Selangor,2024-01-01,825945,452257,373688
Terengganu,2024-01-01,15,15,0
W.P. Labuan,2024-01-01,1412,958,454
Johor,2024-02-01,1389651,768268,621383
Kedah,2024-02-01,104399,56535,47864
Kelantan,2024-02-01,56124,28910,27214
Melaka,2024-02-01,3291,1479,1812
Negeri Sembilan,2024-02-01,4411,2567,1844
Pahang,2024-02-01,714,367,347
Perak,2024-02-01,19533,9124,10409
Perlis,2024-02-01,58854,33724,25130
Pulau Pinang,2024-02-01,88273,41291,46982
Sabah,2024-02-01,68963,30981,37982
Sarawak,2024-02-01,190621,101221,89400
Selangor,2024-02-01,804850,430744,374106
Terengganu,2024-02-01,24,15,9
W.P. Labuan,2024-02-01,2576,1590,986
Johor,2024-03-01,1882339,1010380,871959
Kedah,2024-03-01,101507,55998,45509
Kelantan,2024-03-01,61724,30496,31228
Melaka,2024-03-01,3074,1413,1661
Negeri Sembilan,2024-03-01,4954,2816,2138
Pahang,2024-03-01,1111,614,497
Perak,2024-03-01,22246,10455,11791
Perlis,2024-03-01,59513,34402,25111
Pulau Pinang,2024-03-01,124257,57580,66677
Sabah,2024-03-01,50964,21968,28996
Sarawak,2024-03-01,214777,112393,102384
Selangor,2024-03-01,725189,397969,327220
Terengganu,2024-03-01,16,10,6
W.P. Labuan,2024-03-01,1590,1040,550
Johor,2024-04-01,1637745,912098,725647
Kedah,2024-04-01,68372,36233,32139
Kelantan,2024-04-01,55767,27666,28101
Melaka,2024-04-01,4776,2122,2654
Negeri Sembilan,2024-04-01,5204,3169,2035
Pahang,2024-04-01,695,377,318
Perak,2024-04-01,19059,8806,10253
Perlis,2024-04-01,55692,31206,24486
Pulau Pinang,2024-04-01,85610,39921,45689
Sabah,2024-04-01,39348,17643,21705
Sarawak,2024-04-01,231503,122358,109145
Selangor,2024-04-01,728498,392344,336154
Terengganu,2024-04-01,21,5,16
W.P. Labuan,2024-04-01,1962,1161,801
Johor,2024-05-01,1793130,988447,804683
Kedah,2024-05-01,88882,46709,42173
Kelantan,2024-05-01,57354,29172,28182
Melaka,2024-05-01,3982,1770,2212
Negeri Sembilan,2024-05-01,9700,6429,3271
Pahang,2024-05-01,1123,632,491
Perak,2024-05-01,16818,7779,9039
Perlis,2024-05-01,51422,29370,22052
Pulau Pinang,2024-05-01,99646,46644,53002
Sabah,2024-05-01,47592,21425,26167
Sarawak,2024-05-01,207635,114235,93400
Selangor,2024-05-01,819542,478907,340635
Terengganu,2024-05-01,1,1,0
W.P. Labuan,2024-05-01,2043,1209,834
Johor,2024-06-01,2077267,1112617,964650
Kedah,2024-06-01,72074,37301,34773
Kelantan,2024-06-01,51685,25848,25837
Melaka,2024-06-01,5367,2433,2934
Negeri Sembilan,2024-06-01,7176,4300,2876
Pahang,2024-06-01,1226,666,560
Perak,2024-06-01,20088,9419,10669
Perlis,2024-06-01,52325,29122,23203
Pulau Pinang,2024-06-01,112060,51518,60542
Sabah,2024-06-01,59708,26005,33703
Sarawak,2024-06-01,205241,108896,96345
Selangor,2024-06-01,853615,445853,407762
Terengganu,2024-06-01,5,5,0
W.P. Labuan,2024-06-01,1595,1049,546
Johor,2024-07-01,1944790,1058351,886439
Kedah,2024-07-01,77367,40407,36960
Kelantan,2024-07-01,52115,26448,25667
Melaka,2024-07-01,3801,1738,2063
Negeri Sembilan,2024-07-01,6692,4141,2551
Pahang,2024-07-01,856,471,385
Perak,2024-07-01,18212,8244,9968
Perlis,2024-07-01,54641,30867,23774
Pulau Pinang,2024-07-01,113961,51997,61964
Sabah,2024-07-01,70638,30896,39742
Sarawak,2024-07-01,211977,113645,98332
Selangor,2024-07-01,971964,494031,477933
Terengganu,2024-07-01,2,1,1
W.P. Labuan,2024-07-01,1327,850,477
Johor,2024-08-01,2094522,1140988,953534
Kedah,2024-08-01,81258,42183,39075
Kelantan,2024-08-01,53854,26998,26856
Melaka,2024-08-01,2887,1303,1584
Negeri Sembilan,2024-08-01,6762,4012,2750
Pahang,2024-08-01,851,465,386
Perak,2024-08-01,17423,8026,9397
Perlis,2024-08-01,55128,30653,24475
Pulau Pinang,2024-08-01,115088,53260,61828
Sabah,2024-08-01,79734,34884,44850
Sarawak,2024-08-01,237740,126255,111485
Selangor,2024-08-01,1023369,522407,500962
W.P. Labuan,2024-08-01,2216,1337,879
Johor,2024-09-01,1928709,1057654,871055
Kedah,2024-09-01,62025,32300,29725
Kelantan,2024-09-01,49953,25047,24906
Melaka,2024-09-01,3747,1720,2027
Negeri Sembilan,2024-09-01,6573,3699,2874
Pahang,2024-09-01,860,454,406
Perak,2024-09-01,15831,7166,8665
Perlis,2024-09-01,55072,30607,24465
Pulau Pinang,2024-09-01,99052,46944,52108
Sabah,2024-09-01,55672,24101,31571
Sarawak,2024-09-01,171738,92541,79197
Selangor,2024-09-01,777885,423626,354259
W.P. Labuan,2024-09-01,1555,1078,477
Johor,2024-10-01,1841017,1015265,825752
Kedah,2024-10-01,62119,32829,29290
Kelantan,2024-10-01,49330,23946,25384
Melaka,2024-10-01,3497,1638,1859
Negeri Sembilan,2024-10-01,5109,2943,2166
Pahang,2024-10-01,937,554,383
Perak,2024-10-01,14155,6432,7723
Perlis,2024-10-01,58045,30079,27966
Pulau Pinang,2024-10-01,100650,46659,53991
Sabah,2024-10-01,44282,19827,24455
Sarawak,2024-10-01,150799,83570,67229
Selangor,2024-10-01,768771,415016,353755
Terengganu,2024-10-01,7,4,3
W.P. Labuan,2024-10-01,1089,772,317
